parms,values
df,4.246351940961805
loc,-0.4875913752999474
scale,0.19500024622788953
