parms,values
df,2.5358300265866967
loc,0.01915009416316822
scale,0.14378976740604377
